popularity,danceability,energy,key,loudness,mode,speechiness,acousticness,instrumentalness,liveness,valence,tempo,is_top200,predicted_top200,predicted_top200_prob
29,0.475,0.157,0,-13.932,1,0.0307,0.785,0.00212,0.107,0.0806,119.836,0,0,0.8
46,0.603,0.196,6,-14.843,1,0.0443,0.94,1.25e-06,0.0916,0.16,119.529,0,0,0.8
24,0.649,0.902,7,-3.693,1,0.0601,0.0806,0.0078,0.171,0.6409999999999999,122.988,0,0,1.0
24,0.555,0.637,9,-7.9929999999999986,1,0.0356,0.00254,0.000785,0.0647,0.489,124.999,0,0,1.0
68,0.544,0.7809999999999999,8,-4.86,1,0.0352,0.007809999999999998,8.379999999999999e-05,0.132,0.422,124.869,0,0,0.8
25,0.741,0.728,1,-9.498,1,0.0306,0.0505,3.89e-05,0.111,0.563,121.969,0,0,1.0
21,0.536,0.5329999999999999,9,-5.899,1,0.0321,0.0118,0.0366,0.116,0.534,125.022,0,0,0.8
24,0.705,0.203,9,-19.279,1,0.0433,0.94,0.000312,0.111,0.24,118.03,0,0,0.8
24,0.705,0.466,7,-12.214,1,0.033,0.383,0.365,0.0844,0.438,126.01,0,0,0.6
28,0.664,0.182,1,-18.623,0,0.0523,0.69,0.88,0.0952,0.332,123.98,0,0,0.8
20,0.518,0.779,7,-8.834,1,0.0489,0.00427,0.00286,0.183,0.318,124.031,0,0,1.0
28,0.4970000000000001,0.386,5,-10.357,1,0.0268,0.764,0.6509999999999999,0.0936,0.292,124.987,0,0,0.6
0,0.423,0.546,1,-5.109,1,0.0388,0.0828,0.0003,0.0857,0.224,123.754,0,0,1.0
13,0.905,0.489,0,-9.613,0,0.0434,0.669,1.58e-06,0.0921,0.5770000000000001,125.003,0,0,0.6
42,0.7070000000000001,0.479,8,-6.256,1,0.0333,0.0381,6.15e-06,0.222,0.402,123.043,0,0,1.0
28,0.6629999999999999,0.499,11,-6.657,1,0.0419,0.113,3.76e-06,0.105,0.381,123.934,0,0,0.8
29,0.762,0.555,3,-6.0070000000000014,1,0.0416,0.362,0.0,0.13,0.434,124.999,0,0,0.8
0,0.613,0.748,11,-3.911,1,0.037000000000000005,0.0515,0.000416,0.171,0.637,120.01,0,0,0.6
0,0.768,0.327,9,-9.063,1,0.0322,0.473,0.0268,0.348,0.3,119.995,0,0,0.6
21,0.532,0.349,6,-12.741,1,0.0571,0.7090000000000001,1.44e-05,0.126,0.4370000000000001,123.654,0,0,0.8
23,0.8190000000000001,0.388,4,-7.619,0,0.0607,0.152,0.0,0.0666,0.461,125.048,0,0,0.8
11,0.568,0.622,8,-6.86,1,0.0301,0.00187,0.104,0.111,0.589,122.007,0,0,1.0
37,0.754,0.375,0,-11.962,1,0.0666,0.8370000000000001,0.00324,0.362,0.265,122.963,0,0,1.0
24,0.7290000000000001,0.0837,0,-17.509,1,0.503,0.971,6.5e-06,0.308,0.403,121.379,0,0,1.0
0,0.664,0.5670000000000001,7,-7.086,1,0.0284,0.173,4.57e-05,0.114,0.191,119.99,0,0,1.0
9,0.665,0.233,0,-12.593,1,0.4270000000000001,0.7120000000000001,0.0,0.112,0.354,123.032,0,0,0.8
0,0.447,0.55,1,-5.072,1,0.0371,0.0931,0.000178,0.0864,0.218,123.869,0,0,1.0
32,0.8170000000000001,0.484,10,-9.694,0,0.0698,0.77,0.000121,0.111,0.607,125.037,0,0,0.6
27,0.835,0.246,9,-13.473,1,0.0477,0.936,0.00946,0.111,0.13,120.921,0,0,0.8
31,0.7859999999999999,0.956,6,-2.109,1,0.111,0.326,0.000112,0.366,0.813,124.075,0,0,0.8
16,0.619,0.828,7,-6.535,1,0.0396,0.111,0.0,0.131,0.256,119.97,0,0,1.0
9,0.642,0.813,4,-7.164,1,0.0347,0.0888,0.0005549999999999999,0.119,0.8959999999999999,125.2,0,0,0.8
22,0.574,0.0797,2,-16.59,1,0.039,0.86,6.440000000000001e-05,0.158,0.412,120.159,0,0,0.8
21,0.495,0.797,2,-5.274,1,0.0387,2.04e-05,0.358,0.0872,0.284,124.925,0,0,0.6
10,0.408,0.334,8,-9.921,1,0.0359,0.0772,2.35e-05,0.08,0.4920000000000001,119.773,0,0,0.8
2,0.362,0.899,4,-7.324,1,0.206,0.139,0.000984,0.14,0.368,122.948,0,0,1.0
42,0.68,0.37,9,-8.205,1,0.0274,0.8440000000000001,0.000412,0.104,0.228,123.978,0,0,1.0
0,0.612,0.693,9,-3.565,0,0.0354,0.0034700000000000004,0.201,0.298,0.393,127.008,0,0,0.6
25,0.512,0.557,9,-6.654,1,0.0499,0.0367,3.4e-05,0.112,0.319,121.981,0,0,1.0
23,0.67,0.54,4,-7.352,1,0.0321,0.00288,0.00108,0.0787,0.249,121.978,0,0,1.0
3,0.6459999999999999,0.784,9,-7.677,0,0.033,0.254,0.078,0.16699999999999998,0.398,124.003,0,0,1.0
30,0.5429999999999999,0.598,4,-8.038,1,0.0275,0.153,8.2e-05,0.249,0.417,122.108,0,0,1.0
29,0.657,0.6509999999999999,5,-7.29,1,0.0336,0.399,0.000633,0.111,0.17,122.023,0,0,1.0
0,0.51,0.147,6,-12.654000000000002,1,0.0323,0.84,0.0,0.147,0.202,119.722,0,0,0.6
12,0.679,0.229,5,-12.508,1,0.0314,0.794,7.09e-05,0.0926,0.344,120.025,0,0,0.6
22,0.415,0.107,9,-12.278,1,0.0398,0.893,0.0,0.116,0.27,125.344,0,0,0.8
8,0.622,0.414,0,-7.585,1,0.0413,0.594,0.0,0.0864,0.21600000000000005,120.12,0,0,0.6
11,0.7190000000000001,0.659,9,-5.003,1,0.0299,0.355,0.462,0.491,0.858,124.031,0,0,1.0
14,0.665,0.486,2,-13.169,0,0.0329,0.00828,0.00365,0.274,0.299,118.002,0,0,0.6
0,0.58,0.659,6,-7.107,1,0.0274,0.7,1.4e-06,0.109,0.4270000000000001,123.017,0,0,1.0
0,0.696,0.354,3,-8.722999999999999,1,0.0326,0.654,0.0179,0.255,0.34600000000000003,124.11,0,0,1.0
9,0.8340000000000001,0.62,0,-9.031,1,0.031,0.192,0.000113,0.132,0.91,125.01,0,0,0.6
13,0.752,0.331,4,-10.51,0,0.0511,0.835,0.000146,0.0749,0.18,119.942,0,0,0.6
0,0.502,0.185,10,-11.423,1,0.0635,0.8640000000000001,0.0,0.105,0.185,125.044,0,0,0.6
6,0.5770000000000001,0.477,3,-8.338,1,0.0458,0.488,0.0,0.0715,0.335,123.905,0,0,1.0
32,0.6409999999999999,0.855,9,-5.052,1,0.0338,0.118,0.16699999999999998,0.162,0.711,124.049,0,0,1.0
55,0.732,0.462,5,-7.962999999999999,1,0.0363,0.903,0.0,0.17600000000000002,0.518,121.061,0,0,0.8
10,0.73,0.35100000000000003,5,-13.876,0,0.0507,0.508,0.0,0.106,0.417,117.559,0,0,0.6
34,0.632,0.638,0,-6.862,1,0.0521,0.109,0.0,0.131,0.516,124.905,0,0,0.8
8,0.662,0.163,1,-14.616,0,0.0454,0.863,0.0,0.117,0.179,127.797,0,0,0.6
0,0.862,0.257,9,-14.345,0,0.187,0.8,7.02e-06,0.0805,0.5589999999999999,119.986,0,0,0.8
43,0.823,0.308,2,-15.656,1,0.0437,0.343,0.853,0.0703,0.298,119.962,0,0,0.8
37,0.628,0.757,3,-8.222000000000001,1,0.0313,0.358,0.00815,0.08199999999999999,0.6940000000000001,125.031,0,0,1.0
28,0.743,0.474,8,-10.558,1,0.0317,0.106,7.11e-05,0.109,0.496,120.01,0,0,0.8
3,0.7070000000000001,0.21,1,-15.675999999999998,1,0.132,0.911,5.57e-06,0.0943,0.316,127.859,0,0,0.6
0,0.769,0.2,10,-13.617,1,0.0535,0.3670000000000001,0.0436,0.177,0.304,122.069,0,0,0.8
8,0.7829999999999999,0.173,0,-14.043,1,0.0428,0.523,6.15e-05,0.0742,0.266,120.046,0,0,0.8
22,0.4370000000000001,0.277,2,-11.883,1,0.032,0.883,0.198,0.0849,0.224,124.265,0,0,1.0
45,0.454,0.287,7,-10.121,1,0.033,0.8240000000000001,0.0,0.0914,0.232,123.111,0,0,0.8
41,0.777,0.463,6,-6.477,0,0.0349,0.54,0.0,0.0839,0.5870000000000001,120.017,0,0,0.8
38,0.54,0.0765,11,-18.398,1,0.036000000000000004,0.8859999999999999,0.000133,0.127,0.149,127.051,0,0,0.6
40,0.34600000000000003,0.618,9,-5.9910000000000005,1,0.0432,0.447,1.94e-05,0.187,0.434,119.909,0,0,0.6
43,0.563,0.6,5,-3.637,1,0.0351,0.00809,1.23e-05,0.12,0.145,124.108,0,0,0.8
3,0.695,0.514,9,-11.297,1,0.0281,0.119,0.0,0.236,0.6759999999999999,118.066,0,0,0.6
25,0.7909999999999999,0.214,8,-12.943,0,0.0972,0.705,0.000124,0.0799,0.362,124.629,0,0,0.6
49,0.596,0.411,9,-7.669,1,0.0292,0.5920000000000001,0.0,0.274,0.207,123.885,0,0,1.0
44,0.7190000000000001,0.706,5,-5.9220000000000015,1,0.0273,0.142,4.57e-05,0.0918,0.293,123.022,0,0,1.0
23,0.408,0.334,8,-9.921,1,0.0359,0.0772,2.35e-05,0.08,0.4920000000000001,119.773,0,0,0.8
26,0.423,0.546,1,-5.109,1,0.0388,0.0828,0.0003,0.0857,0.224,123.754,0,0,1.0
40,0.7909999999999999,0.227,6,-13.125,0,0.041,0.8270000000000001,0.00209,0.112,0.132,121.942,0,0,0.8
31,0.662,0.6759999999999999,2,-6.898,0,0.0387,0.0332,0.000119,0.12,0.485,125.088,0,0,0.8
12,0.5660000000000001,0.853,0,-4.287,1,0.032,0.0127,0.0005650000000000001,0.0992,0.359,124.935,0,0,0.8
18,0.575,0.8909999999999999,4,-8.265,1,0.0496,0.607,0.8340000000000001,0.34600000000000003,0.677,120.452,0,0,1.0
5,0.6809999999999999,0.234,2,-13.407,1,0.0339,0.6990000000000001,4.86e-05,0.0897,0.0665,117.945,0,0,0.6
44,0.618,0.746,11,-3.933,1,0.0361,0.0584,0.000476,0.173,0.6,120.0,0,0,0.6
17,0.5489999999999999,0.698,6,-6.174,1,0.0493,0.0248,0.000455,0.0546,0.601,124.158,0,0,0.8
27,0.954,0.318,2,-10.444,0,0.104,0.28800000000000003,2.98e-05,0.0717,0.4970000000000001,124.952,0,0,0.6
15,0.59,0.8740000000000001,9,-3.367,1,0.0442,8.18e-05,8.24e-06,0.0624,0.371,125.026,0,0,0.6
23,0.53,0.726,7,-8.066,0,0.0327,0.0967,0.00642,0.0663,0.22,120.006,0,0,0.6
17,0.5529999999999999,0.5670000000000001,8,-7.728,1,0.0384,0.0625,0.0,0.0992,0.408,124.741,0,0,1.0
31,0.782,0.5429999999999999,8,-6.147,0,0.0414,0.218,6.06e-05,0.121,0.77,119.972,0,0,0.8
0,0.6920000000000001,0.778,6,-4.796,0,0.0291,0.142,0.0,0.138,0.732,122.995,0,0,1.0
32,0.7659999999999999,0.326,9,-9.114,1,0.0319,0.485,0.0233,0.35,0.29,120.021,0,0,0.6
27,0.7140000000000001,0.561,7,-11.405,1,0.0501,0.35600000000000004,0.102,0.41,0.413,125.034,0,0,0.6
34,0.604,0.411,4,-7.763,1,0.0373,0.423,0.0975,0.209,0.5670000000000001,120.09,0,0,0.6
0,0.642,0.853,9,-5.051,1,0.0344,0.104,0.193,0.161,0.747,124.061,0,0,1.0
19,0.669,0.804,11,-5.891,1,0.0386,0.0138,0.0005650000000000001,0.207,0.5760000000000001,120.993,0,0,0.8
20,0.625,0.64,1,-8.698,1,0.0296,0.0252,0.0,0.172,0.6609999999999999,125.002,0,0,0.8
33,0.5710000000000001,0.857,7,-4.578,1,0.0335,0.00554,0.0,0.0671,0.703,120.018,0,0,0.6
16,0.585,0.526,6,-4.378,0,0.0361,0.0504,1.72e-06,0.109,0.438,123.887,0,0,1.0
10,0.5660000000000001,0.8590000000000001,0,-3.985,1,0.0348,0.0845,0.1,0.33,0.555,120.033,0,0,0.6
27,0.611,0.685,9,-3.618,0,0.0349,0.00398,0.0932,0.174,0.368,126.975,0,0,0.6
54,0.425,0.6579999999999999,9,-6.739,1,0.0349,0.355,1.99e-06,0.0836,0.293,122.366,0,0,1.0
19,0.63,0.6609999999999999,2,-7.1610000000000005,0,0.0379,0.0819,7.020000000000001e-05,0.108,0.5710000000000001,125.072,0,0,0.8
43,0.513,0.38,11,-11.091,1,0.0336,0.12,0.0,0.0924,0.32299999999999995,120.952,0,0,1.0
30,0.629,0.691,4,-7.937,1,0.0289,0.0571,0.0,0.126,0.799,121.944,0,0,1.0
38,0.616,0.324,4,-10.888,1,0.0323,0.579,2.08e-05,0.11,0.0765,119.837,0,0,0.6
20,0.522,0.733,8,-5.541,1,0.0299,0.293,0.0,0.236,0.631,126.082,0,0,0.6
51,0.502,0.185,10,-11.423,1,0.0635,0.8640000000000001,0.0,0.105,0.185,125.044,0,0,0.6
50,0.578,0.328,2,-7.462999999999999,1,0.0299,0.564,5.32e-06,0.149,0.263,120.814,0,0,1.0
7,0.483,0.455,0,-10.734000000000002,1,0.0456,0.151,0.0,0.274,0.6809999999999999,123.516,0,0,0.8
15,0.415,0.246,0,-9.46,1,0.0347,0.919,0.00218,0.0988,0.202,123.864,0,0,0.8
20,0.638,0.385,9,-13.341,1,0.0321,0.6729999999999999,2.47e-06,0.329,0.5710000000000001,119.045,0,0,0.6
21,0.684,0.116,4,-16.723,1,0.0408,0.93,0.0735,0.104,0.244,126.078,0,0,0.6
19,0.6509999999999999,0.258,7,-9.323,1,0.0341,0.737,6.82e-06,0.209,0.139,125.146,0,0,0.6
23,0.5579999999999999,0.388,7,-9.078,1,0.0297,0.674,0.0,0.358,0.149,119.978,0,0,0.6
17,0.732,0.65,6,-7.869,0,0.118,0.338,0.00121,0.22,0.615,122.971,0,0,1.0
16,0.466,0.396,2,-11.832,1,0.0652,0.0148,3.79e-05,0.238,0.826,124.61,0,0,0.8
14,0.5920000000000001,0.584,0,-14.183,1,0.0455,0.308,7.92e-05,0.0799,0.403,126.592,0,0,0.6
41,0.621,0.404,4,-8.232000000000001,1,0.0366,0.309,0.00312,0.28600000000000003,0.595,120.474,0,0,0.6
5,0.531,0.229,1,-12.832,0,0.0314,0.575,0.00628,0.105,0.0703,119.888,0,0,0.8
9,0.3670000000000001,0.74,5,-5.707999999999998,0,0.0447,0.0404,1.21e-05,0.329,0.469,120.972,0,0,0.6
3,0.7,0.544,7,-10.087,1,0.0332,0.0152,0.101,0.121,0.606,120.078,0,0,0.8
3,0.612,0.257,1,-13.12,0,0.0362,0.277,0.0727,0.13699999999999998,0.0932,119.887,0,0,0.8
3,0.383,0.4370000000000001,1,-10.241,1,0.0422,0.369,0.00958,0.1,0.1,120.222,0,0,0.8
22,0.728,0.262,2,-15.059,1,0.0414,0.943,0.0683,0.118,0.488,127.871,0,0,0.6
0,0.653,0.66,10,-7.797999999999999,1,0.0277,0.35100000000000003,0.00626,0.109,0.685,122.451,0,0,1.0
0,0.654,0.654,3,-9.191,1,0.0272,0.118,0.0613,0.086,0.8059999999999999,120.085,0,0,0.6
2,0.718,0.274,2,-12.277,1,0.0378,0.7759999999999999,6.63e-05,0.0961,0.376,118.925,0,0,0.6
21,0.662,0.478,7,-9.107,1,0.0289,0.0467,0.0265,0.139,0.0767,119.998,0,0,0.6
13,0.672,0.328,7,-15.024,1,0.0352,0.855,0.206,0.159,0.5920000000000001,119.818,0,0,0.8
59,0.7070000000000001,0.503,0,-8.266,1,0.0742,0.171,0.00197,0.0586,0.295,121.931,0,0,1.0
13,0.636,0.659,0,-6.312,1,0.0348,0.478,0.000121,0.0935,0.732,122.167,0,0,1.0
24,0.562,0.865,4,-4.421,1,0.061,0.0191,0.000122,0.0864,0.482,125.056,0,0,0.8
19,0.7190000000000001,0.563,10,-7.1370000000000005,1,0.0312,0.14800000000000002,0.133,0.105,0.47,119.907,0,0,1.0
10,0.37,0.6779999999999999,0,-7.063,1,0.0328,0.0314,0.000181,0.0932,0.312,125.174,0,0,0.6
8,0.695,0.463,5,-6.783,1,0.0288,0.754,0.0,0.35100000000000003,0.381,120.022,0,0,0.8
30,0.546,0.184,6,-15.367,1,0.0349,0.8240000000000001,2.24e-05,0.117,0.229,127.655,0,0,0.6
36,0.602,0.353,5,-9.919,0,0.0288,0.629,0.0,0.141,0.263,119.875,0,0,0.6
26,0.654,0.449,9,-10.538,0,0.0323,0.0886,3.85e-05,0.277,0.718,124.13,0,0,0.8
17,0.662,0.6509999999999999,8,-7.362999999999999,1,0.0316,0.0798,0.0393,0.166,0.602,119.989,0,0,1.0
17,0.755,0.57,0,-8.771,1,0.0397,0.00605,0.174,0.331,0.196,119.954,0,0,0.6
16,0.773,0.398,4,-8.533,1,0.0466,0.168,0.0,0.188,0.207,120.029,0,0,0.6
19,0.695,0.79,6,-4.7639999999999985,0,0.0291,0.141,0.0,0.122,0.731,123.009,0,0,1.0
11,0.7440000000000001,0.6890000000000001,1,-8.406,1,0.028,0.29600000000000004,0.284,0.11,0.328,120.036,0,0,0.6
7,0.688,0.728,0,-3.928,1,0.0263,0.29100000000000004,0.0368,0.0912,0.7340000000000001,119.996,0,0,0.6
0,0.77,0.586,7,-9.902,1,0.289,0.7240000000000001,0.0,0.0832,0.6729999999999999,120.169,0,0,0.8
0,0.691,0.653,8,-11.982,1,0.0418,0.14400000000000002,0.0352,0.0794,0.17,120.039,0,0,0.8
21,0.807,0.6970000000000001,9,-6.936,1,0.0811,0.384,0.0,0.188,0.469,120.041,0,0,1.0
6,0.833,0.8,11,-6.172999999999999,1,0.0869,0.373,0.7659999999999999,0.108,0.612,119.987,0,0,0.8
3,0.5670000000000001,0.584,1,-11.573,1,0.0396,0.000169,1.48e-06,0.125,0.0339,120.028,0,0,0.8
46,0.833,0.321,7,-12.115,1,0.155,0.62,0.000191,0.161,0.5489999999999999,119.951,0,0,0.6
34,0.89,0.6659999999999999,10,-6.292999999999998,1,0.0711,0.575,0.0,0.0983,0.568,120.079,0,0,0.6
31,0.782,0.6940000000000001,2,-7.049,1,0.308,0.211,0.0,0.165,0.606,119.94,0,0,1.0
35,0.685,0.711,8,-8.232999999999999,1,0.0285,0.0712,0.0,0.0644,0.871,125.071,0,0,0.8
46,0.672,0.637,2,-8.191,1,0.0286,0.0984,4.59e-06,0.418,0.659,119.895,0,0,0.6
0,0.703,0.624,0,-9.945,1,0.0371,0.421,1.11e-05,0.0588,0.7659999999999999,121.153,0,0,1.0
0,0.721,0.741,2,-6.04,1,0.0507,0.467,0.0,0.0712,0.958,120.009,0,0,0.6
0,0.506,0.532,6,-14.390999999999998,1,0.0951,0.232,6.440000000000001e-05,0.111,0.446,116.666,0,0,0.6
0,0.655,0.353,4,-12.145,1,0.0355,0.172,0.0,0.147,0.0784,119.976,0,0,0.6
0,0.401,0.578,2,-8.658,1,0.0279,0.0239,0.0,0.0885,0.345,124.012,0,0,1.0
26,0.433,0.173,5,-13.068,1,0.0353,0.901,0.0109,0.049,0.0863,119.957,0,0,0.8
27,0.708,0.481,2,-11.376,1,0.0287,0.418,0.0957,0.0936,0.5539999999999999,120.013,0,0,0.8
39,0.602,0.741,10,-12.655,1,0.0297,0.00398,1.65e-06,0.151,0.55,126.958,0,0,0.6
19,0.612,0.463,9,-9.602,1,0.028,0.255,5.290000000000001e-05,0.228,0.483,125.167,0,0,0.6
27,0.722,0.682,2,-7.2970000000000015,1,0.043,0.524,0.0,0.0279,0.958,120.033,0,0,1.0
59,0.505,0.28300000000000003,9,-8.37,1,0.0429,0.8270000000000001,0.0,0.0732,0.316,123.964,0,0,1.0
37,0.547,0.8240000000000001,2,-5.497999999999998,1,0.0342,0.003,0.000138,0.0865,0.5379999999999999,124.742,0,0,0.6
25,0.431,0.887,4,-4.271,0,0.0919,0.00268,2.28e-06,0.145,0.465,126.58,0,0,0.6
44,0.691,0.799,2,-4.107,1,0.0303,0.5379999999999999,0.0,0.141,0.5489999999999999,126.669,0,0,0.6
0,0.703,0.578,0,-10.849,1,0.0372,0.403,2.85e-05,0.058,0.7659999999999999,121.16,0,0,1.0
0,0.6,0.797,0,-7.234,1,0.0863,0.204,9.12e-06,0.104,0.7609999999999999,122.848,0,0,1.0
47,0.525,0.72,5,-6.3870000000000005,1,0.0356,0.00063,0.00182,0.28300000000000003,0.521,119.964,0,0,0.8
56,0.604,0.7559999999999999,2,-4.85,1,0.0352,0.0176,0.0,0.106,0.308,120.436,0,0,0.6
45,0.568,0.631,9,-11.142,0,0.0442,0.272,0.0,0.389,0.652,122.981,0,0,1.0
39,0.775,0.6409999999999999,0,-10.825,1,0.0621,0.0377,0.0,0.0424,0.8059999999999999,120.053,0,0,0.8
0,0.862,0.7709999999999999,5,-5.688,1,0.0404,0.125,0.0,0.129,0.967,120.022,0,0,0.6
0,0.963,0.871,7,-7.476,1,0.0986,0.327,0.0,0.669,0.932,122.215,0,0,1.0
0,0.568,0.5820000000000001,0,-6.434,1,0.0316,0.407,0.00196,0.6459999999999999,0.34,119.985,0,0,1.0
0,0.624,0.608,2,-7.459,1,0.0285,0.126,1.0800000000000003e-05,0.139,0.438,125.061,0,0,0.8
35,0.491,0.647,2,-9.727,1,0.0543,0.0458,0.00572,0.104,0.384,120.369,0,0,1.0
38,0.812,0.687,4,-4.933,1,0.0332,0.337,0.0,0.118,0.929,125.001,0,0,0.8
19,0.695,0.653,6,-13.174,0,0.0282,0.224,0.000956,0.268,0.914,127.255,0,0,0.6
51,0.63,0.585,2,-8.581,1,0.04,0.00393,0.0,0.0749,0.794,123.99,0,0,0.8
0,0.6509999999999999,0.254,3,-16.272000000000002,1,0.0323,0.517,3.5600000000000005e-05,0.122,0.136,123.748,0,0,0.8
24,0.625,0.68,9,-7.801,1,0.0306,0.0006889999999999999,1.89e-06,0.196,0.5920000000000001,120.045,0,0,1.0
22,0.491,0.691,2,-7.506,1,0.0317,0.15,0.0,0.157,0.732,124.313,0,0,1.0
19,0.514,0.779,7,-5.809,1,0.031,0.00189,1.3e-06,0.21,0.502,124.007,0,0,0.8
13,0.476,0.626,6,-7.221,1,0.0305,0.007259999999999998,2.8000000000000006e-05,0.135,0.449,119.995,0,0,1.0
9,0.667,0.584,3,-9.058,1,0.0282,0.00533,0.0069700000000000005,0.248,0.595,120.102,0,0,0.6
24,0.579,0.28600000000000003,10,-11.491,1,0.0364,0.7090000000000001,0.0,0.469,0.284,120.197,0,0,0.8
15,0.607,0.7140000000000001,2,-4.945,1,0.029,0.122,0.0,0.215,0.769,120.54,0,0,0.6
18,0.614,0.775,10,-4.375,1,0.0318,0.0385,0.0,0.4320000000000001,0.8909999999999999,119.039,0,0,0.6
9,0.606,0.371,9,-11.635,0,0.0281,0.768,0.00316,0.09,0.314,119.989,0,0,0.8
10,0.6659999999999999,0.622,6,-7.627000000000002,1,0.0279,0.503,2.01e-06,0.34,0.552,121.011,0,0,1.0
9,0.613,0.785,10,-4.337,1,0.0326,0.0374,0.0,0.403,0.894,119.048,0,0,0.6
40,0.7440000000000001,0.514,0,-9.768,1,0.0385,0.173,0.0,0.136,0.797,123.048,0,0,1.0
36,0.677,0.546,8,-10.614,0,0.0439,0.295,0.0,0.17,0.639,121.129,0,0,1.0
41,0.368,0.755,11,-3.631,1,0.0375,0.21,0.0,0.19,0.349,120.981,0,0,0.6
4,0.65,0.312,9,-17.090999999999998,1,0.0353,0.506,0.000554,0.196,0.63,117.292,0,0,0.8
3,0.6579999999999999,0.404,2,-17.127,1,0.0386,0.79,0.0,0.317,0.597,121.6,0,0,1.0
3,0.516,0.0552,7,-23.651,1,0.0364,0.918,0.00143,0.104,0.304,116.469,0,0,0.8
2,0.435,0.214,4,-13.406,1,0.0359,0.67,0.0,0.121,0.275,123.959,0,0,0.8
1,0.5529999999999999,0.542,9,-16.401,1,0.0365,0.00118,0.00127,0.264,0.652,125.585,0,0,0.8
4,0.607,0.21600000000000005,2,-18.604,1,0.0338,0.7709999999999999,0.0,0.111,0.228,115.336,0,0,0.8
1,0.634,0.321,9,-19.113,0,0.033,0.0678,0.0,0.111,0.46,127.788,0,0,0.6
12,0.583,0.7809999999999999,0,-6.166,1,0.029,0.0046,6.720000000000001e-05,0.278,0.6779999999999999,120.088,0,0,0.8
11,0.593,0.618,4,-7.365,1,0.0347,0.00855,2.68e-05,0.0668,0.326,124.983,0,0,1.0
20,0.589,0.552,9,-7.569,1,0.0506,0.00686,2.77e-05,0.0756,0.32,125.086,0,0,0.8
8,0.645,0.731,0,-6.184,1,0.0296,0.0314,2.09e-06,0.365,0.8190000000000001,125.077,0,0,0.8
0,0.589,0.672,6,-15.17,0,0.0448,0.104,0.000641,0.299,0.878,128.186,0,0,0.6
0,0.616,0.436,2,-16.394000000000002,1,0.0712,0.159,0.0,0.41,0.911,117.054,0,0,0.8
0,0.6459999999999999,0.361,10,-6.3870000000000005,1,0.029,0.622,0.0,0.0813,0.102,120.07,0,0,0.8
0,0.835,0.332,1,-17.655,1,0.293,0.113,1.81e-06,0.112,0.502,117.624,0,0,0.8
0,0.44,0.205,4,-15.288,1,0.0324,0.901,0.6,0.114,0.282,124.81,0,0,0.8
0,0.5820000000000001,0.279,6,-10.922,1,0.0294,0.8140000000000001,9.87e-06,0.0956,0.0757,120.976,0,0,1.0
0,0.898,0.9,0,-3.907,1,0.036000000000000004,0.325,0.000769,0.0756,0.969,121.149,0,0,0.6
0,0.516,0.6659999999999999,9,-7.359,0,0.0312,0.5670000000000001,0.0,0.145,0.438,125.629,0,0,0.6
42,0.529,0.304,7,-17.798,1,0.0349,0.7659999999999999,1.82e-05,0.318,0.5589999999999999,119.452,0,0,0.8
0,0.328,0.407,9,-11.584,1,0.0321,0.934,0.0132,0.18600000000000005,0.373,120.609,0,0,0.8
44,0.664,0.472,2,-13.575,1,0.175,0.6809999999999999,0.0,0.0864,0.59,122.142,0,0,0.8
22,0.575,0.997,6,-2.78,0,0.196,0.01,0.00033,0.314,0.217,118.901,0,0,0.6
22,0.599,0.46,7,-7.921,1,0.0304,0.0652,0.0,0.0854,0.6890000000000001,124.399,0,0,1.0
18,0.677,0.47,3,-7.782999999999999,0,0.0321,0.203,2.9100000000000006e-05,0.141,0.319,119.996,0,0,0.6
34,0.728,0.5429999999999999,8,-10.113,1,0.0354,0.401,0.0,0.106,0.722,123.939,0,0,0.8
25,0.601,0.737,3,-7.307,1,0.0308,0.0436,2.3e-06,0.0975,0.394,124.025,0,0,1.0
26,0.552,0.527,9,-7.96,1,0.0283,0.0888,0.000265,0.205,0.413,120.269,0,0,1.0
51,0.718,0.733,2,-6.0779999999999985,1,0.0525,0.462,0.0,0.0854,0.958,120.076,0,0,0.6
39,0.545,0.971,8,-5.225,1,0.065,3.15e-05,0.0,0.338,0.118,119.965,0,0,0.6
31,0.72,0.382,8,-16.504,1,0.0387,0.417,0.0,0.0986,0.7340000000000001,123.949,0,0,0.8
30,0.619,0.281,8,-17.611,1,0.032,0.402,0.00454,0.122,0.498,127.996,0,0,0.6
1,0.642,0.648,5,-8.544,1,0.0397,0.0996,7.26e-05,0.168,0.7120000000000001,122.125,0,0,1.0
16,0.6629999999999999,0.68,8,-6.379,1,0.029,0.18,0.000214,0.106,0.5710000000000001,124.989,0,0,0.8
45,0.794,0.795,1,-8.615,0,0.0891,0.774,2.49e-05,0.0542,0.965,119.996,0,0,0.6
23,0.591,0.8029999999999999,9,-7.495,0,0.0876,0.187,6.89e-06,0.1,0.7490000000000001,122.894,0,0,1.0
17,0.6729999999999999,0.621,7,-9.951,1,0.0289,0.194,0.000371,0.338,0.754,118.902,0,0,0.6
5,0.581,0.647,0,-9.242,1,0.0268,0.0124,0.0209,0.413,0.631,120.737,0,0,1.0
0,0.812,0.687,4,-4.933,1,0.0332,0.337,0.0,0.118,0.929,125.001,0,0,0.8
25,0.624,0.875,8,-4.259,1,0.0525,0.005379999999999999,0.002,0.321,0.565,126.0,0,0,0.6
14,0.363,0.911,11,-10.469,0,0.08800000000000001,0.0442,0.00312,0.123,0.173,120.755,0,0,1.0
33,0.412,0.66,7,-14.612,1,0.036000000000000004,0.0227,2.47e-05,0.36,0.745,117.968,0,0,0.8
0,0.532,0.951,1,-3.736,1,0.115,0.16699999999999998,0.0,0.0585,0.532,127.562,0,0,0.6
31,0.5379999999999999,0.937,9,-7.057,1,0.043,0.0232,0.00171,0.365,0.652,120.771,0,0,1.0
19,0.4,0.7979999999999999,11,-5.745,0,0.124,0.0774,0.0,0.0843,0.63,122.239,0,0,1.0
0,0.515,0.73,11,-8.519,0,0.0382,0.0388,0.187,0.149,0.85,120.504,0,0,1.0
0,0.429,0.611,2,-10.041,1,0.0954,0.0006230000000000001,0.431,0.075,0.428,124.464,0,0,0.6
0,0.6609999999999999,0.583,2,-15.618,1,0.0529,0.221,0.00615,0.118,0.932,119.954,0,0,0.8
0,0.6659999999999999,0.348,7,-15.261,1,0.0633,0.0665,0.277,0.147,0.92,118.045,0,0,0.8
0,0.522,0.631,9,-13.97,1,0.033,0.431,0.0356,0.0958,0.599,124.365,0,0,0.8
0,0.546,0.5489999999999999,9,-13.095999999999998,1,0.0606,0.0268,4.97e-06,0.358,0.67,127.016,0,0,0.6
11,0.348,0.884,10,-7.103,1,0.19,0.0235,0.000974,0.124,0.327,120.946,0,0,1.0
11,0.343,0.677,9,-10.224,1,0.0577,0.0005650000000000001,0.0005070000000000001,0.0827,0.508,122.221,0,0,1.0
0,0.68,0.716,0,-7.3,1,0.0395,0.417,6.09e-06,0.048,0.6890000000000001,121.206,0,0,1.0
0,0.619,0.502,2,-14.548,1,0.0688,0.173,0.0,0.368,0.8909999999999999,117.029,0,0,0.6
37,0.614,0.906,2,-5.073,1,0.0998,0.00691,0.0,0.0768,0.746,125.196,0,0,0.6
0,0.453,0.389,4,-7.024,1,0.0278,0.8759999999999999,0.657,0.113,0.331,124.167,0,0,1.0
29,0.703,0.631,8,-11.375,1,0.029,0.0886,0.0,0.0623,0.86,125.066,0,0,0.6
25,0.547,0.8240000000000001,2,-5.497999999999998,1,0.0342,0.003,0.000138,0.0865,0.5379999999999999,124.742,0,0,0.6
44,0.581,0.785,11,-7.52,0,0.0885,0.204,4.68e-06,0.226,0.768,122.697,0,0,1.0
35,0.628,0.865,3,-4.959,1,0.0278,0.0798,0.0,0.267,0.86,120.038,0,0,0.6
25,0.614,0.906,2,-5.073,1,0.0998,0.00691,0.0,0.0768,0.746,125.196,0,0,0.6
57,0.517,0.468,4,-6.582000000000002,1,0.0345,0.7020000000000001,0.0,0.152,0.266,121.284,0,0,0.8
29,0.7909999999999999,0.8190000000000001,1,-7.475,0,0.0794,0.746,4.5e-05,0.079,0.965,119.976,0,0,1.0
35,0.625,0.606,2,-7.566,1,0.0298,0.123,9.85e-06,0.127,0.413,125.041,0,0,0.8
40,0.396,0.57,2,-8.863999999999997,1,0.0289,0.0344,0.0,0.0871,0.342,124.012,0,0,1.0
28,0.77,0.932,2,-2.773,1,0.0893,0.151,0.0,0.315,0.76,128.002,0,0,0.6
0,0.6659999999999999,0.8059999999999999,2,-7.262,1,0.0489,0.0356,0.00734,0.135,0.875,120.031,0,0,1.0
0,0.723,0.29600000000000004,3,-12.395,1,0.0431,0.916,0.0,0.35600000000000004,0.8059999999999999,120.61,0,0,0.8
29,0.794,0.653,7,-9.154,1,0.0314,0.19,0.0,0.35200000000000004,0.835,124.753,0,0,0.6
0,0.5720000000000001,0.0748,8,-19.551,0,0.0386,0.907,0.00944,0.173,0.28800000000000003,122.508,0,0,1.0
26,0.363,0.911,11,-10.469,0,0.08800000000000001,0.0442,0.00312,0.123,0.173,120.755,0,0,1.0
0,0.264,0.875,0,-4.468,1,0.152,0.000734,0.00999,0.5710000000000001,0.585,124.905,0,0,0.8
0,0.5429999999999999,0.8590000000000001,5,-3.406,1,0.0522,0.000637,0.14800000000000002,0.303,0.422,127.028,0,0,0.6
37,0.6679999999999999,0.8240000000000001,9,-1.622,1,0.038,0.0458,0.0,0.083,0.575,123.979,0,0,0.8
16,0.338,0.525,0,-10.645,1,0.0295,0.0266,7.159999999999999e-05,0.132,0.252,120.938,0,0,1.0
0,0.507,0.988,5,-3.196,1,0.102,0.00184,4.51e-06,0.382,0.25,123.031,0,0,1.0
26,0.912,0.278,2,-13.691,1,0.285,0.428,2.12e-05,0.0997,0.614,125.993,0,0,0.6
21,0.5329999999999999,0.915,1,-3.92,1,0.0445,1.98e-05,0.0,0.0804,0.644,126.999,0,0,0.6
0,0.5379999999999999,0.872,0,-3.537,1,0.044,0.0020800000000000003,0.00237,0.16399999999999998,0.306,122.979,0,0,1.0
0,0.476,0.321,0,-13.314,1,0.0409,0.14300000000000002,0.00943,0.104,0.233,127.28,0,0,0.6
33,0.782,0.278,9,-12.942,1,0.0492,0.28300000000000003,0.0,0.6729999999999999,0.519,124.95,0,0,0.6
10,0.329,0.947,6,-8.59,0,0.15,9.75e-05,0.235,0.297,0.217,124.24,0,0,1.0
18,0.5920000000000001,0.601,10,-12.066,0,0.0553,6.500000000000001e-05,0.0936,0.0812,0.583,119.942,0,0,0.6
0,0.491,0.914,1,-7.519,0,0.0387,0.000831,0.00256,0.0732,0.316,125.959,0,0,0.6
28,0.256,0.911,5,-3.725,0,0.0967,0.000117,0.0,0.239,0.425,127.129,0,0,0.6
38,0.5770000000000001,0.989,5,-3.366,0,0.11,2.24e-05,0.00193,0.0564,0.174,125.962,0,0,0.6
0,0.385,0.956,0,-2.6180000000000003,1,0.222,0.0819,0.000238,0.129,0.426,125.633,0,0,0.6
13,0.433,0.273,3,-13.592,0,0.0376,0.279,0.0134,0.101,0.13699999999999998,126.583,0,0,0.6
3,0.599,0.885,7,-6.591,0,0.0361,0.000194,8.18e-05,0.135,0.476,120.044,0,0,1.0
0,0.57,0.99,6,-3.727,0,0.118,0.00158,0.00287,0.307,0.106,119.963,0,0,0.6
0,0.4920000000000001,0.882,0,-4.163,1,0.103,0.000113,2e-05,0.369,0.6920000000000001,122.77,0,0,1.0
0,0.517,0.953,7,-3.262,0,0.0501,0.000131,0.0,0.326,0.7659999999999999,126.056,0,0,0.6
14,0.5660000000000001,0.984,6,-3.795,0,0.132,0.00189,0.00391,0.208,0.128,119.947,0,0,0.6
5,0.306,0.989,4,-2.903,1,0.204,1.14e-05,2.23e-06,0.34600000000000003,0.171,125.125,0,0,0.6
22,0.207,0.852,2,-3.055,1,0.0572,3.9e-05,0.0,0.119,0.272,119.178,0,0,0.6
9,0.521,0.476,11,-16.507,1,0.0355,0.104,0.0,0.232,0.403,127.601,0,0,0.6
18,0.5379999999999999,0.62,2,-9.379,1,0.0611,0.00333,0.0609,0.0442,0.654,122.268,0,0,1.0
0,0.888,0.772,0,-9.513,1,0.065,0.103,4.27e-06,0.0923,0.938,125.016,0,0,0.6
0,0.7909999999999999,0.8190000000000001,1,-7.475,0,0.0794,0.746,4.5e-05,0.079,0.965,119.976,0,0,1.0
0,0.584,0.218,8,-11.115,0,0.0346,0.862,0.000977,0.234,0.313,122.424,0,0,1.0
32,0.495,0.8220000000000001,4,-6.823,1,0.046,0.00941,0.00298,0.213,0.275,120.033,0,0,1.0
6,0.516,0.942,6,-4.345,1,0.103,0.00457,0.0726,0.0917,0.68,119.999,0,0,0.6
38,0.644,0.334,4,-9.755,1,0.0288,0.248,2.63e-06,0.111,0.334,124.077,0,0,0.8
30,0.575,0.997,6,-2.78,0,0.196,0.01,0.00033,0.314,0.217,118.901,0,0,0.6
58,0.654,0.336,10,-7.21,1,0.0307,0.575,0.0,0.0784,0.105,120.027,0,0,0.6
27,0.669,0.601,8,-3.531,1,0.0283,0.537,6.86e-06,0.104,0.459,127.98,0,0,0.6
65,0.696,0.262,11,-15.073,1,0.031,0.519,0.0,0.0669,0.265,84.007,1,1,1.0
68,0.6859999999999999,0.322,6,-13.2,1,0.0369,0.165,0.0296,0.0809,0.511,155.982,1,1,1.0
33,0.757,0.669,11,-8.812999999999999,1,0.0385,0.295,0.0271,0.111,0.963,113.01,1,1,1.0
63,0.5670000000000001,0.0896,5,-12.944,1,0.0343,0.7959999999999999,0.0,0.218,0.36700000000000005,79.002,1,1,1.0
58,0.662,0.546,2,-5.867999999999999,1,0.0288,0.204,2.82e-06,0.12,0.196,115.053,1,1,1.0
59,0.853,0.455,1,-9.625,1,0.0371,0.304,0.00317,0.125,0.511,118.32,1,1,0.8
55,0.69,0.526,9,-9.939,1,0.0319,0.261,0.000233,0.113,0.608,116.07600000000001,1,1,1.0
62,0.524,0.503,6,-11.79,1,0.0245,0.184,0.0,0.264,0.436,89.49700000000001,1,1,1.0
63,0.424,0.221,4,-9.279,1,0.0351,0.882,0.0,0.134,0.299,125.964,1,1,0.8
65,0.40399999999999997,0.556,4,-8.329,1,0.0326,0.359,4.93e-06,0.0964,0.34,159.256,1,1,1.0
61,0.583,0.626,11,-7.485,0,0.153,0.465,4.16e-06,0.204,0.6,155.13,1,1,1.0
53,0.794,0.354,7,-11.632,1,0.0306,0.644,3.68e-06,0.127,0.426,106.03,1,1,1.0
60,0.358,0.4,2,-8.172,1,0.0269,0.21899999999999997,0.0,0.0738,0.311,88.23899999999999,1,1,1.0
55,0.617,0.531,7,-10.1,1,0.0284,0.21100000000000002,0.0,0.0874,0.647,91.068,1,1,1.0
60,0.446,0.7390000000000001,2,-5.803,1,0.0367,0.449,0.0,0.52,0.27,85.344,1,1,1.0
49,0.746,0.644,1,-7.497999999999999,1,0.209,0.154,0.0,0.0923,0.6679999999999999,114.113,1,1,1.0
37,0.494,0.34700000000000003,7,-7.191,1,0.0266,0.7020000000000001,0.0023899999999999998,0.10300000000000001,0.14400000000000002,136.332,1,1,1.0
59,0.629,0.38,2,-8.072000000000001,1,0.0323,0.18600000000000003,0.000407,0.0338,0.655,155.97,1,1,1.0
1,0.29100000000000004,0.755,5,-4.95,0,0.05,0.0621,0.0,0.0836,0.457,145.343,1,1,1.0
58,0.505,0.39299999999999996,7,-10.425999999999998,1,0.027000000000000003,0.257,5.1e-05,0.10099999999999999,0.262,145.81799999999998,1,1,1.0
59,0.501,0.555,7,-7.672000000000001,1,0.0308,0.29600000000000004,2.9600000000000005e-05,0.0859,0.436,126.20700000000001,1,1,0.6
67,0.5,0.33899999999999997,7,-7.301,1,0.0263,0.71,0.0022199999999999998,0.10800000000000001,0.152,136.42700000000002,1,1,1.0
62,0.58,0.159,7,-22.087,1,0.0569,0.792,1.26e-06,0.10800000000000001,0.424,151.41899999999998,1,1,1.0
0,0.701,0.312,9,-7.707000000000001,1,0.0261,0.631,2.14e-06,0.11,0.166,130.159,1,1,1.0
48,0.461,0.319,9,-9.085,1,0.0259,0.38,0.0,0.257,0.43799999999999994,157.92700000000002,1,1,1.0
65,0.39399999999999996,0.623,9,-5.029,1,0.0384,0.573,0.0,0.0937,0.316,115.00299999999999,1,1,1.0
0,0.534,0.025,4,-18.859,1,0.0374,0.581,2e-05,0.10800000000000001,0.179,134.42700000000002,1,1,1.0
62,0.768,0.312,7,-8.267999999999999,1,0.034,0.865,1.09e-05,0.0963,0.633,113.469,1,1,1.0
61,0.611,0.308,4,-7.999,1,0.0272,0.865,0.0,0.125,0.315,135.015,1,1,1.0
65,0.556,0.674,0,-5.563,1,0.0296,0.11599999999999999,2.19e-06,0.226,0.39899999999999997,146.433,1,1,1.0
55,0.688,0.853,5,-6.678,1,0.0715,0.0344,0.0,0.38799999999999996,0.512,105.05,1,1,1.0
68,0.705,0.401,6,-8.9,1,0.0376,0.17600000000000002,8.66e-06,0.0735,0.48100000000000004,140.031,1,1,1.0
62,0.489,0.57,2,-9.197000000000001,1,0.0364,0.132,1.39e-06,0.27399999999999997,0.643,134.486,1,1,1.0
0,0.569,0.823,0,-2.785,1,0.0271,0.00193,0.00703,0.215,0.623,139.988,1,1,1.0
40,0.6729999999999999,0.48100000000000004,9,-8.369,1,0.128,0.401,0.0,0.162,0.74,84.90700000000001,1,1,1.0
63,0.335,0.5710000000000001,11,-4.711,1,0.0243,0.564,0.0,0.13699999999999998,0.45399999999999996,93.572,1,1,1.0
60,0.499,0.381,7,-7.855,1,0.0373,0.586,0.0,0.086,0.57,157.332,1,1,1.0
45,0.6759999999999999,0.6940000000000001,4,-4.598,0,0.0305,0.0543,7.2e-05,0.1,0.7440000000000001,120.015,1,1,0.6
38,0.696,0.8170000000000001,6,-8.014,0,0.0363,0.0293,0.0619,0.20800000000000002,0.705,115.021,1,1,1.0
0,0.496,0.155,5,-8.477,1,0.0454,0.899,3.78e-05,0.12300000000000001,0.158,119.186,1,1,1.0
71,0.66,0.373,7,-7.874,1,0.028999999999999998,0.701,0.0,0.226,0.348,126.887,1,1,0.8
67,0.5579999999999999,0.5529999999999999,4,-6.669,1,0.0323,0.49200000000000005,0.0,0.11599999999999999,0.251,134.263,1,1,1.0
58,0.493,0.515,9,-6.551,1,0.0232,0.46799999999999997,1.27e-05,0.0873,0.33399999999999996,79.987,1,1,1.0
51,0.7509999999999999,0.281,9,-9.282,1,0.0429,0.743,0.0,0.26,0.386,124.89,1,1,0.6
0,0.495,0.149,5,-8.379,1,0.0409,0.904,3.77e-05,0.109,0.179,120.322,1,1,0.8
0,0.6759999999999999,0.43,11,-10.562999999999999,1,0.0232,0.168,0.0299,0.109,0.23,104.98200000000001,1,1,1.0
0,0.644,0.7120000000000001,5,-6.94,0,0.0599,0.0244,2.57e-05,0.0939,0.963,90.035,1,1,1.0
0,0.617,0.273,4,-11.265,1,0.0294,0.86,0.0,0.14800000000000002,0.28300000000000003,109.999,1,1,1.0
47,0.406,0.7959999999999999,6,-7.851,0,0.19699999999999998,0.0612,2.7000000000000002e-05,0.311,0.25,169.895,1,1,1.0
0,0.6809999999999999,0.887,0,-6.4110000000000005,1,0.0547,0.307,0.0,0.0837,0.561,93.009,1,1,1.0
47,0.498,0.392,3,-10.683,1,0.0423,0.539,4.54e-06,0.0937,0.16399999999999998,78.01,1,1,1.0
49,0.593,0.34600000000000003,4,-10.128,1,0.0363,0.40399999999999997,0.000686,0.0966,0.17,74.013,1,1,1.0
64,0.523,0.391,7,-9.283,1,0.0298,0.395,0.0,0.142,0.354,139.905,1,1,1.0
64,0.415,0.508,0,-9.169,1,0.0363,0.0509,0.0162,0.10300000000000001,0.114,188.74400000000003,1,1,1.0
40,0.525,0.5479999999999999,9,-7.3660000000000005,0,0.0739,0.784,3.55e-06,0.3,0.406,92.23700000000001,1,1,1.0
31,0.53,0.833,4,-6.778,0,0.0344,0.00045099999999999996,0.016,0.409,0.741,147.911,1,1,1.0
45,0.562,0.787,9,-4.018,1,0.0282,0.254,0.000152,0.688,0.446,162.02700000000002,1,1,1.0
52,0.705,0.519,5,-7.29,1,0.0341,0.0609,0.0324,0.305,0.521,116.98299999999999,1,1,1.0
57,0.565,0.565,9,-8.52,1,0.0368,0.494,0.00262,0.127,0.35,136.042,1,1,1.0
42,0.531,0.838,4,-6.875,0,0.0386,0.00054,0.019,0.374,0.682,148.028,1,1,1.0
60,0.6759999999999999,0.565,10,-9.411,1,0.03,0.00321,0.000579,0.24100000000000002,0.6890000000000001,113.007,1,1,1.0
41,0.595,0.723,2,-6.737,1,0.0266,0.00329,3.41e-05,0.157,0.349,127.97200000000001,1,1,1.0
45,0.531,0.552,5,-10.887,1,0.0327,0.14300000000000002,3.4e-05,0.10300000000000001,0.23399999999999999,164.028,1,1,1.0
68,0.537,0.561,4,-6.961,0,0.0297,0.423,1.64e-06,0.134,0.242,78.13,1,1,1.0
28,0.314,0.505,8,-7.595,0,0.0374,0.0627,0.000509,0.11699999999999999,0.201,76.759,1,1,1.0
45,0.344,0.405,2,-7.739,1,0.0289,0.621,0.136,0.195,0.385,73.667,1,1,1.0
60,0.36700000000000005,0.428,8,-12.259,0,0.0308,0.562,3.23e-06,0.22899999999999998,0.5379999999999999,170.722,1,1,1.0
38,0.5670000000000001,0.33399999999999996,8,-7.8229999999999995,1,0.0322,0.653,0.0,0.113,0.17800000000000002,169.898,1,1,1.0
50,0.621,0.5710000000000001,3,-8.095,1,0.03,0.449,0.0401,0.096,0.4,104.98899999999999,1,1,1.0
50,0.631,0.507,5,-7.872000000000001,1,0.0263,0.455,1.74e-05,0.096,0.37799999999999995,140.109,1,1,1.0
6,0.713,0.342,2,-8.613,1,0.0802,0.5539999999999999,7.61e-06,0.113,0.662,79.977,1,1,1.0
61,0.495,0.149,5,-8.379,1,0.0409,0.904,3.77e-05,0.109,0.179,120.322,1,1,0.8
66,0.358,0.5479999999999999,8,-5.997999999999999,1,0.027000000000000003,0.36,0.0,0.17300000000000001,0.518,163.434,1,1,1.0
60,0.29100000000000004,0.755,5,-4.95,0,0.05,0.0621,0.0,0.0836,0.457,145.343,1,1,1.0
49,0.595,0.5329999999999999,10,-5.18,1,0.0256,0.157,0.0,0.0794,0.466,135.89,1,1,1.0
57,0.52,0.9690000000000001,1,-3.612,1,0.0331,4.47e-05,0.00232,0.157,0.63,97.598,1,1,1.0
65,0.28800000000000003,0.371,11,-8.001,1,0.0386,0.6659999999999999,0.0,0.129,0.19699999999999998,52.571999999999996,1,1,1.0
51,0.63,0.40299999999999997,11,-10.35,1,0.0273,0.536,2.2800000000000002e-05,0.17800000000000002,0.509,80.016,1,1,1.0
60,0.65,0.601,8,-9.131,1,0.0265,0.135,0.000778,0.294,0.63,108.016,1,1,1.0
62,0.6759999999999999,0.43,11,-10.562999999999999,1,0.0232,0.168,0.0299,0.109,0.23,104.98200000000001,1,1,1.0
49,0.55,0.763,7,-5.957999999999999,0,0.0345,0.00366,0.0206,0.226,0.532,95.0,1,1,1.0
48,0.517,0.516,1,-8.681000000000001,1,0.0286,0.59,0.0389,0.141,0.24100000000000002,79.979,1,1,1.0
51,0.47600000000000003,0.465,1,-8.304,0,0.0273,0.028999999999999998,0.000646,0.171,0.461,144.045,1,1,1.0
64,0.32799999999999996,0.465,6,-9.81,1,0.0334,0.72,2.16e-06,0.175,0.342,149.246,1,1,1.0
57,0.331,0.7490000000000001,6,-12.075999999999999,1,0.0674,0.0638,4.91e-05,0.10800000000000001,0.29100000000000004,147.92,1,1,1.0
59,0.415,0.7170000000000001,11,-11.569,1,0.10800000000000001,0.13,3.07e-06,0.263,0.552,110.365,1,1,1.0
59,0.479,0.493,7,-11.694,1,0.0293,0.0263,3.76e-06,0.0718,0.43799999999999994,144.546,1,1,1.0
54,0.662,0.405,10,-17.227,1,0.0267,0.633,0.0,0.0938,0.919,90.585,1,1,1.0
60,0.474,0.871,1,-4.013,0,0.0405,0.00125,0.0,0.20199999999999999,0.545,137.102,1,1,1.0
72,0.657,0.337,9,-10.546,1,0.0433,0.45,0.0,0.106,0.183,125.057,1,1,0.6
48,0.42100000000000004,0.485,7,-7.446000000000001,1,0.0333,0.797,2.02e-05,0.11699999999999999,0.16399999999999998,132.172,1,1,1.0
63,0.746,0.35,2,-8.649,1,0.07400000000000001,0.5720000000000001,7.29e-06,0.11800000000000001,0.612,80.02600000000001,1,1,1.0
63,0.22899999999999998,0.6970000000000001,6,-5.297999999999999,1,0.0304,0.0342,0.0,0.0749,0.292,152.236,1,1,1.0
63,0.292,0.397,7,-9.161,1,0.0346,0.755,0.0,0.28,0.187,86.491,1,1,1.0
52,0.452,0.725,3,-7.894,1,0.11199999999999999,0.0111,0.0,0.107,0.705,100.931,1,1,1.0
